"Path","Bytes","Sha256"
"automation.log","380282","FBDB42178ADB56FAB441A5F2DA3DBE177A1ADFF0B05619D0E4768D24108CF73E"
"build.log","2368","9589FDB7BD89047532AB5A23E91AC9A4B820E81D555218F88D4E5EB8270FD3FF"
"craft-hc\client-build-clean.png","527214","C84462FE5B7F6635742C603ADB65CF6ACFC8E0A0A8FD8AEFAE1DAD2106B9D4C0"
"craft-hc\client-build-costs.png","566592","9CE246A148A7D60941A2734F03B54AFF34C61D3EA49A608A1112CAADCD0CB700"
"craft-hc\client-build-menu.png","555023","59C0C4D37554CEAE467B7114273E85E5F5B30047C4691514459325B1EDA8F524"
"craft-hc\client-build-requirements.png","565583","ACF64DE9D806264ED4545BACFF76ECDF3111BB833618BAA04BD7D67774C597BF"
"craft-hc\client-builds.png","520895","6A6ACE71B3D30411C9FC50CA306E042A33944129FB3EAA1E522F22B232691223"
"craft-hc\client-cauldron-cook-details.png","587206","5458DB741D8EE772ADDA842FD3F38CBDB422E64729641B76135F3098A0AF1E7B"
"craft-hc\client-cauldron-cook.png","582226","3065886BA1471AECFD13F8DBD1A1A1C0D11B6EFB27E4ADD04DFF5587F3D3F840"
"craft-hc\client-chest-store-details.png","529389","B3446121E0BBAA132E40519472260959EA3EAA7B1141F090CA571BCB0A6BA4E9"
"craft-hc\client-chest-store.png","559774","FD06D5D06FD8966C46C1A51A7876371D5DADA4045C5B972C3A0FC0CBFD235D11"
"craft-hc\client-details.png","569899","7FA210AEE19C91565919CC8F6B86B23BA19BD613DE30F69EF4AC4B0CD62D5028"
"craft-hc\client-feedback.png","554559","6A8E2F6841C9064E1F086960E9D4F9502FD1BCED8473C0D63E62C20A272A32CB"
"craft-hc\client-forge-craft-details.png","564403","5CE6812BBAFFA8236C640EBBAD8BDCAEBA021C6B673DB9B62AE062827BED883A"
"craft-hc\client-forge-craft.png","557778","2D3259AC570EE691139CCE02096BA8548446BFFF9A6D43DA49EA6C756A7E1BB3"
"craft-hc\client-forge-repair-details.png","518977","7882AC2C082C2EF1038DAB539530C90DF6CD039EFF97961115D9150EC1C7AC77"
"craft-hc\client-forge-repair.png","566558","2036DEA5CF0DFBDE877F89AFE72CD2F23F3038C3D4934C5CFF29A2CA92AC9978"
"craft-hc\client-forge-upgrade-details.png","525172","145FE54B5DDAD829F6314866C11504F9AD601C679A02AA9141A69BCBD682C98D"
"craft-hc\client-forge-upgrade.png","525238","303E25966FB9B4F83B9B7B0F7ADF601AE9C963392B05C91D0C055862E8A03783"
"craft-hc\client-no-results.png","534823","F6F92D7F56B95A70C2D45347A259D8CDE06FD1191A5AB960D442A80F888B192F"
"craft-hc\client-pan-cook-details.png","581687","B1580323F14BFB62D5CA767A1B66CF279745EDE99947DBFEAE037F24060CA83E"
"craft-hc\client-pan-cook.png","571502","D1A14019BFF4C702E1EDA131CA8A3E788026B8F79C7E7A9054FB898CEB6D3FC9"
"craft-hc\client-rack-cook-details.png","581462","0DA3D43D37361FAC11BD3A4639EBD6D7015C65F1CA414FA087D59AB244C1E5E6"
"craft-hc\client-rack-cook.png","580142","9E113757273DAD28942B8C1729BBE3025CD14EE454D385C594B6D61E851FD87A"
"craft-hc\client-station-kit-costs.png","565174","709056C453895A9E3CE3C9D30D814DE509E9A01DA4FDE08E39A20DA0EA2007D7"
"craft-hc\client-station-kit-requirements.png","565150","6CCB9FCB56A12EB77E727AFBF0EDBA422BBA778C835B8F668D2515A16FAEE387"
"craft-hc\client-stations.png","556017","238E82A676012992CDAD46854845125FE53210A1E587BBD6C0ECFCDEB1C5F6C4"
"craft-hc\client-structural.png","557911","FEF09D9A36032378EB3CCFB96254548BFB4A71D288666E737C9DF1D0472D56E6"
"craft-hc\client-utilities.png","554592","08F81C7641E2C88E9D8982818E64B2A356B0090A3A812346F3A185AA3F7E0256"
"craft-hc\client-workbench-craft-details.png","564776","FD806B5A183B5F10555098119D772A6B79BA6225A5A07BA31C784140560A0D4E"
"craft-hc\client-workbench-craft.png","550025","A6443690819DE9203752B4B1A9743BF8AF0139E6EB85922A0C1A6B88197C7F48"
"craft-hc\client-workbench-repair-details.png","521767","8A91C90A623A5917D87F76C15726A86016DB7ABF2016C26CCDB40831241FA5B5"
"craft-hc\client-workbench-repair.png","569243","66208AB83837C5A36E62E9AB52661FA3AA56A6A32799A6A4CAD78737148D780F"
"craft-hc\client.log","211726","B41A4076257B7902A84BB05C33A60DA79308B59B40BDA3CF31EDC2EFEEE26F06"
"craft-hc\client.png","558681","10E8A210097FAE77EF05BC58139025DA0D06DD4608C4FDDF4C18A27F0017468B"
"craft-hc\host-build-clean.png","535497","8701F5CB170C46CF253960AF7BB61A3F5664D4814BABDBB2B6ED1828E0255BE8"
"craft-hc\host-build-costs.png","573371","7C41BE2AC94321113149FB7CD6423A0DC3379867F7DA414B85C5EF4B722DFC98"
"craft-hc\host-build-menu.png","564162","0DF83000FC8E65664D1325F7B775BA82C0BEF3EC371B502D1AA0A8E4C5473F49"
"craft-hc\host-build-requirements.png","571187","5EA0EFCA2F011900A460F2E3AB03C0457DB72DE1D12D69A4B00A1CD3BC006D1B"
"craft-hc\host-builds.png","525595","10818F5040AC18648823C580C845D9C598F9F58394B6676A02B25EC05D6C1E53"
"craft-hc\host-cauldron-cook-details.png","594945","CB14E5BBB5486146F5ADC0ECE030216A6D62908687B1ADAD2E5235027761A4E0"
"craft-hc\host-cauldron-cook.png","590929","625C4A1BF778E40232383C8C26CD2B4775B220AD8C8238AC308FB04C4CA092D0"
"craft-hc\host-chest-store-details.png","536661","67AD0802AE07DED9A452E7BA9C04D064878EE7AE09A6BF968BACA484F0FD0823"
"craft-hc\host-chest-store.png","564098","4271E660F3ADA80F3F93669421296C17FEC957F582F0C45854090F0CB6B50BC9"
"craft-hc\host-details.png","578651","E0A7C1F658C3FF527948BE32A94905E78A00DB789793C0B94913A6F3B3B2FC38"
"craft-hc\host-feedback.png","563990","630C079BE3823E3D8FCFD935A01F7808FBE66A79E885CA1CC2D657482E68FFEE"
"craft-hc\host-forge-craft-details.png","573320","EF505C2FB01EBAB54E5D7D2FBB1F46E415877EB828AEE2A23F551EBD4543920A"
"craft-hc\host-forge-craft.png","564498","8DB8F66D3C2D4A21DE65E09B6FCE4FE4E45F55CCCD82ADF6B1E684FDECB8615C"
"craft-hc\host-forge-repair-details.png","523392","BA47FA46ED0191C61521773326DDB65D5D00F11EEC220534245772FC8665A54F"
"craft-hc\host-forge-repair.png","571880","6598E74535FDD4C8552A9DA24123193E9CB39020EB3B7D9CBBB53013E457FAB5"
"craft-hc\host-forge-upgrade-details.png","533851","40409F212097C6781A0374C60AA20D560042A7E70AB766128A2ADF08FBACA1BC"
"craft-hc\host-forge-upgrade.png","533112","1C38779B99F8DAB41235BC65619E0C2C537FEAE42911B8D927C85D351FE9286C"
"craft-hc\host-no-results.png","543124","3B17227EC7587C2E71CB45D423DA40D8B0AB1FF3A228E720741DC751A10FDEC0"
"craft-hc\host-pan-cook-details.png","590938","E653BE1B61605929F8437044AD0F36A9D46BF8C0AE6713FF0F5D36A2AF5CE3C5"
"craft-hc\host-pan-cook.png","578712","1EB91ECFE28DCF4485D5C6DBF51D9DC1E270917474BDC497093810BD852796A5"
"craft-hc\host-rack-cook-details.png","589806","930F2D18DA2B444F5289FDFA730667E73ADDE4C35BC6E4B21F5DCE560919E6CC"
"craft-hc\host-rack-cook.png","587443","5A643BB854FF097A41DBC1601878D3092EA71D61CD65422DAF719FC19C71E55F"
"craft-hc\host-station-kit-costs.png","573523","CE6C5F03DD4E7A4B6CAE450F3FA9067446C3C91D82F77A7523F4D2A86A2871AA"
"craft-hc\host-station-kit-requirements.png","570382","1A4956C75880C7E5A9C73EA03E8C4852BBB95DDF378745BADDCF21208DF2C887"
"craft-hc\host-stations.png","564571","2046066AD431DAE13C69B466506976F00A782DE0E218338F11A62AB72125E581"
"craft-hc\host-structural.png","566036","4226021ADF48855A140759CC02A8EBC2313CEEEE3A2B482E31D3C04C8549E5BE"
"craft-hc\host-utilities.png","563404","9CC8F5CBF7839A2A45AC837B1B333D38926E2CE1BCD0F21DC4A37A80CF43D309"
"craft-hc\host-workbench-craft-details.png","571778","FAC725402C6C15DDA39623DC8D9D2F887D9F86CC9723C8743A8B0D9F22D3FDA4"
"craft-hc\host-workbench-craft.png","555494","7425E9EAB77C467E5B43FB2AFA3BEAECF8973AF9B04316BC9B6CCE2280611470"
"craft-hc\host-workbench-repair-details.png","525139","E5BAF9C4CAE8B535EEDD9109B0162B452AE22E9F4DA463E3806D873029F71359"
"craft-hc\host-workbench-repair.png","575284","48453D9D73733DD78EE6CA979C20CAC4A530ADEE4B776E505DEF153396154C6B"
"craft-hc\host.png","562016","B47021F1D3D8420759D2DD21EE62B3E37D71A1D594DCD14ADE101B1EEAF813D0"
"craft-hc\runner.log","346","F4CDE07FD98A2B2368B583B2B40AB03C8D907E2EA456238AB7B9936FAC4E30FF"
"craft-hc\server.log","221334","E0E2A9E9FD8107251159ED38C62553CFF32D220D4438CF63529A207479F56C41"
"craft-std\client-build-clean.png","928074","C6B2882B125AB0E62C3C59931B825C993723CF469F326C353031B87782CFCB35"
"craft-std\client-build-costs.png","970560","06C74063F9732CEF75EF192662C95477BEA7E2AED1284B8DFA1A075729D5BC6C"
"craft-std\client-build-menu.png","998399","7036466A87F860934F2B4579FB9C896DBCC7F8884BC3B10E942BCE4017519F91"
"craft-std\client-build-requirements.png","970792","19D0AC9325117978C21DA7A6E035772679DE49E29E26C8307AEF5C5908112882"
"craft-std\client-builds.png","922404","1F3D6F00EDF91CAFB414788B80C4900FF0C475F6E603CDCD98371A6D6916DE91"
"craft-std\client-cauldron-cook-details.png","1031857","92BC5FE7B682A8FB1AA26A1EEE8545E7186A6BA4E6058E3447565C9548310039"
"craft-std\client-cauldron-cook.png","1032782","290C563730227B3555A3C02D17D4D2F815678CF5421004E898250051307F9B85"
"craft-std\client-chest-store-details.png","970895","82F23C9046DF43E5F28FF45938CA09F6B5984B8A5DCAEEF2BF72C4F9A6FEBC61"
"craft-std\client-chest-store.png","970924","65D046532B4016E3FFE4C35D31601BDB1F6395FC2093B594106BC9ADB0E88134"
"craft-std\client-details.png","998366","23CF1562D12DF658FDD19F826DF2C33B3867135891E6638C7A0E2252718D18DB"
"craft-std\client-feedback.png","998065","74A0775D265F24482D14662D12D1F2F92B6CB35527FEC802F0444CC810D3092A"
"craft-std\client-forge-craft-details.png","966199","B62DAF29BB3936CBFF48C6B33EB75656159ABDA4FD61320D3FEE493FAE5F8AD0"
"craft-std\client-forge-craft.png","965343","F18AB0A83CC1F30911EB86DE418FD35CA65D2D621F7393E639123204764E4700"
"craft-std\client-forge-repair-details.png","892912","36B0A00B4B6A05BFCB2294B9EB090510B076E69B36EA55627B91FC2C98AE1EE1"
"craft-std\client-forge-repair.png","891849","65494F445343953B5FA9CC06FC0759D8D0CB78498D6D81BC65C240FA680ED787"
"craft-std\client-forge-upgrade-details.png","997500","C2AFF128278B78276461F4D63DFFC1B2832439C96F1140E6C1B9F981C3EA9BAD"
"craft-std\client-forge-upgrade.png","997219","74BF9EB477BC5A028890C7CB4ED951F5FE7A771B4568DAF6052EE5107FDF1789"
"craft-std\client-no-results.png","977336","C62F62C9E67356A38B19C60007D2E3007465035F625D8C34C7E4EE641567BAE5"
"craft-std\client-pan-cook-details.png","1038156","D9CE32CC358AA54E7C17107BC7C77135AE9EF92A217ABD27D46269EFB4D7229B"
"craft-std\client-pan-cook.png","1037698","EC56FF8346E451342269421DE6FC6F841C3336B60D4860A91DDB72245CC82E78"
"craft-std\client-rack-cook-details.png","1027603","EDC938CBA49C3BB45F78E87E58C7AAD90EDD6B4AF6CE698D639A6119F13DA14F"
"craft-std\client-rack-cook.png","1028813","CC42797E85F326D6AD61FE12DBEF3361594C500CACBB1547DA4938DC33FABBB5"
"craft-std\client-station-kit-costs.png","944727","2A37B712DB18E9F92EAD8D8F73DB2879686C26661BF5066E3FC5BC709C94CEB1"
"craft-std\client-station-kit-requirements.png","944143","7D4D25200B87CA6988262C7687BF05993F588F764403FB67735F4C38516AED21"
"craft-std\client-stations.png","946808","43CE48D2D8A439CE914973286E155A031EE9D39DD3EB43617FD6B100058DC43B"
"craft-std\client-structural.png","948834","4B2D7A82AC82D8012DDF24C9556B47A8C15594D54D226CC3BC81F38E8F4AE7F9"
"craft-std\client-utilities.png","947801","64A844563D61F1013D0F8201E69ED0230F1126DD4E269F06F0DBB18139151DFE"
"craft-std\client-workbench-craft-details.png","1001209","4A8FD6975601362F2F4AD854D1DBD1045076FB8AB2E6BC9D344D24B603DD0AFF"
"craft-std\client-workbench-craft.png","978865","C5EED901DFB369A8EBE684D7BD56AB1816DF9A526FAE741D73FE8517D9BB1BF9"
"craft-std\client-workbench-repair-details.png","894138","E9BDBD640233E8FBF91FC5B03D20A5E617FFD91AC95B3D6A0EDAFC98C95C8331"
"craft-std\client-workbench-repair.png","893417","40BA4059FD233A0B4EA975EBB24A58224DA302EF6BE01237AC2C6259EEB927D3"
"craft-std\client.log","211718","8542A70CC3786B952A0414902FB8BA516359AEA96309373510FEE9E40D388C3E"
"craft-std\client.png","934735","75CFF6EC8D38C2E217D45B8133097082A3DF62CC1A5CB2CF84D1B98660383F3F"
"craft-std\host-build-clean.png","915378","A86170417088BDF7668A49C89FD7831809D229E4EA679AD91249D9CB985D7B52"
"craft-std\host-build-costs.png","956965","444A0F8ED9366F01C0A5E8EE05A3229341193036F8D18BF3FD21920FA72C9C09"
"craft-std\host-build-menu.png","986302","15F77748D89FB821344C19447D2BA4123F30EC050168ED9BAF37C4CB42530BB2"
"craft-std\host-build-requirements.png","957856","098148A0DBFBB8E57B84B18C769C4042CF1CE71672594EE19E51DFA8981007CD"
"craft-std\host-builds.png","908930","D334EF7B64B11AA08BC8F4F8EC38F370117B4F06602DC3F74AA1285EF65840EF"
"craft-std\host-cauldron-cook-details.png","1019913","EEB88BD993EBD3E01F1185C32BC198F3E18E9114ED788DC91233F68A8E7C39B7"
"craft-std\host-cauldron-cook.png","1020020","1E2D272D90384A971FF7F70E0B9A554923BAB48D87EB87B70CE23513A1FCA918"
"craft-std\host-chest-store-details.png","958516","0FBC6B6916D6BAFC64315B558A734EF8FE911FEE1A78648844C1CEC62AA8E54F"
"craft-std\host-chest-store.png","957701","C60BAE362BBF1BF87B324A42BF977BB87F3A01ACECA23818C1A3601D36F33C54"
"craft-std\host-details.png","984888","3B6D4AEC22B1717606FDB29D26CEBD5B09FE651479835E39D1B285A3920B05BF"
"craft-std\host-feedback.png","984476","3005361445286ADA195DDF09DDB3C7DF6737678616A031E64B3B6710893C7F30"
"craft-std\host-forge-craft-details.png","952933","EA4E20E10665CAAEF492407F09042F055D3389A6B4E32AC153267AA36079053E"
"craft-std\host-forge-craft.png","952296","DFC4D06519F22917D150DC47C079BC9381A7477FD814FB3BD90C7D342B9831C7"
"craft-std\host-forge-repair-details.png","879343","291318769B1659D7F97AC9BCC65EDA9F29B4ED2D74C1CE8DC2DB31A6F038FFEE"
"craft-std\host-forge-repair.png","879269","7B10C055E16428B4A7B3CE1835ABDE21D67EC09C209F37672D49862E03696A1C"
"craft-std\host-forge-upgrade-details.png","984395","8EE162E1D061ABA9A417D58CA24446424B102BAD87F5877510789EB4836FE1C0"
"craft-std\host-forge-upgrade.png","983817","1378A5552B882794D7D676814382C3D9D58EACC8088082B9C565D04575F0EC41"
"craft-std\host-no-results.png","963742","646EEB70F5A08E112AFE8599EC847E2AD223464B5C7ECFBEB3C7781E95F171BB"
"craft-std\host-pan-cook-details.png","1025117","02E49512248032BC8ADA92056FD40D1A2F3542DFA0053D5BC439401EE869B0FB"
"craft-std\host-pan-cook.png","1024869","EB749CA1BDB4ADE03110419F145C7FCBAE1514F017438B77C5E05764CA1EA4E0"
"craft-std\host-rack-cook-details.png","1015724","D59CB6B01A9C8086F670BABE0AE194865BB7B7CDC43835ECEDA98FE85FCE29D2"
"craft-std\host-rack-cook.png","1015597","C62D021537E0F98D3E6D6026A2F8AE0E9B9288FF21853A6C2BAD3CC4DDFD2F31"
"craft-std\host-station-kit-costs.png","930629","79C5866EB8E15D47329297E201B35B3CF34FEFF3ED5960FA6C8CE010C9219C4B"
"craft-std\host-station-kit-requirements.png","930735","3325CA508CCA5C36FCA4E9B9821D0D3ACA99CE116E3A67B47B951B6F27343F0C"
"craft-std\host-stations.png","933663","2CF5E21F753DBF28C047DD1834F75C19887EB45E17C3B5725813893566CB5ED5"
"craft-std\host-structural.png","935548","2E8905AA6249614985FBCAF453A59F16D7492161241F65D225E21DBE93CB475D"
"craft-std\host-utilities.png","935494","21EA9C278A1523218CE70BCE1E1A8DB957B8D2909A123EBFC6CE06B7A0411EC6"
"craft-std\host-workbench-craft-details.png","988654","38CB8F6680B8C86AFD0BC1C6EB1F4F337096A505984DA34BF461D94677767BD6"
"craft-std\host-workbench-craft.png","965324","B9BA9C103EA77C668C0A818151A8EBB33FED86FE536D966C86D617CAB5824651"
"craft-std\host-workbench-repair-details.png","880225","1D5059FA9B012E2F5BF77FDCB28856584E17EF2B7C6323EB67BAFDCF791B3E85"
"craft-std\host-workbench-repair.png","878827","136C395806D26E33B1A420EE87FA59D9F0851E58C77F0DB18DCBC83C367353F2"
"craft-std\host.png","923643","C7178DF150B69A2ECDF57A96EABBB05C3F8F5A5FEDBEC337007C8A87AFFD01EB"
"craft-std\runner.log","346","56E21539F0F051A9B94EFF2FB8AF3244ABDB9499105FBF9FE42468A0E2871CE8"
"craft-std\server.log","221137","2E259901980E23166F51A8F9BEC9A46C15D44FB3D31375908FABF0D660532E96"
"inv-hc\client-details.png","419598","CAE325BD8FC5A59D0BC2FF9AAE26443261534FC03C567920CA50757274983AEA"
"inv-hc\client-empty-bottom.png","357916","1151B14CE4DF117B824D0F5384AEF7C41D25D1A73A4B8B542448227433AB8F61"
"inv-hc\client-empty.png","382723","B0BC709A4B4DE3887DABC5EDBAFB7F5AEB19306FC89FD930D6B85A8CA5ED8FE7"
"inv-hc\client-equipment.png","375393","29684CFA2719CE814FA0F34C5526DEB20830C5D97C6F1FA10C158383BF52B6AF"
"inv-hc\client-filled.png","563371","5A97349220D66B6EC8FED9F82527221CF38CB5EFA865E5D07DC15E69A8975E61"
"inv-hc\client-food-accepted.png","384003","C3717608E1093F9A025595C6F2C3E1E9F431BBABA0FD0C6EDBAD17F41D28ACF2"
"inv-hc\client-food-ready.png","383359","9818C7CC19ADB25D5ED726EB3FD48697DF161647077E7927A8F95DEAC26A2514"
"inv-hc\client-food-repeat.png","383171","1EA5B7BB9FDFCA615E2EDC2E3C8E988B137621CA139FB7E3B0259FE7866F099D"
"inv-hc\client-live.png","369530","0F49558ED5AB0F8ED445B8F565AD9914A1468B02976B42DB3D13B0C7023D1F9C"
"inv-hc\client-no-results.png","369709","A647DF8DCF915AD65151A6BB53CB3882A4BA00174A7FAB83C2865A26F95098D8"
"inv-hc\client-recovered.png","385348","ADFE1F21C79AF39E9C1E6261121F83AB7269FBD31DA9A15CF28C99659FB6AF7D"
"inv-hc\client.log","215070","9BA7CF88DAD6B67805D6E3216132FB641812FB5E7C3CDED9AE9110F4452655BD"
"inv-hc\host-details.png","342455","8E415C0A53BCA8ABD70D27CC55D09C454C5C1B9A0C6DF6E7F2DA26CFFDF18E89"
"inv-hc\host-empty-bottom.png","358215","CB8484436A8B4FF3292C608E04A13F08292F9778FF0C85231052F3FD2F4C7005"
"inv-hc\host-empty.png","380812","A5787D4CD15BA42C34FE2710971F0C65F72416A55A9AD34502854376D9C72487"
"inv-hc\host-equipment.png","353679","8DA8347C31A9587DCD22630BA62A42E1645CF1FA4E65CF915BB72C35A10329E6"
"inv-hc\host-filled.png","383729","BA0D773B1FB7E8DEC5AE7C762AF8F0EFA4ADDD08A0F99318E06178383EAC7337"
"inv-hc\host-food-accepted.png","374283","DCD108E9DD9F26821228E934C6F4D78EC041A8A09C9DCC6572B5C3F13C5F8E9E"
"inv-hc\host-food-ready.png","382236","810F4E6A1D3AA5BA24BC28DCA547AB5371C2CE90D4FE8B7A5F2089F5684F43A5"
"inv-hc\host-food-repeat.png","374061","5ECC609F381322426C283A16E005B1FD2C65E5673C3CE44C84C8DD253D33F3D7"
"inv-hc\host-live.png","368995","348592C5EDC303F1114A9A26D93E51D9B63234C9A92872ECD95FCC4A807F59FE"
"inv-hc\host-no-results.png","366251","D3730728A5F1131E51D81228F5F4DE1DCC867326DD44E6AD8327584B7E99C71C"
"inv-hc\host-recovered.png","384055","C9F6A9A893C47230EDD40F222FB4E4E127CF53D1E37D0A877D6A338DE8C13DA8"
"inv-hc\host.log","210413","F26583B4514D00FA194525C13EC07AE365B04E8630773A5EBF9652665A3732A3"
"inv-hc\runner.log","252","7FDFB4EE2B89DEB8361FCBDDD83B72824AD57405766DB1F554D35DD75844DCA0"
"inv-std\client-details.png","720136","8C5EC9490404CE6864C50DE2DD2E0B98E50C155588748BC0C4118D73A770A7F9"
"inv-std\client-empty-bottom.png","602484","E130170DFF9E54B13FAD7A9072976570F971168DDB439FF23D81C5F5D9B709B1"
"inv-std\client-empty.png","627118","D5C1FBB72F5A692F2CF491E85FE4315F670E18B1537E918C3521F996A7A28911"
"inv-std\client-equipment.png","651877","524818B0DE69A17357E5635DE1D520CB8CD915777A3C072FB225CAD724119280"
"inv-std\client-filled.png","836505","9294631EC252E60EF38B36907ADDAE1C39F1B60F0A189EC8FA806424D0AFE522"
"inv-std\client-food-accepted.png","615827","EFB31BCCADC5778E7BC9845E1DD36BBA50C4B5B4449B12D51E06D001FD226020"
"inv-std\client-food-ready.png","625591","51C01328974184C921939694232607454CAA8A4988A7E73464061C2C3187A8C7"
"inv-std\client-food-repeat.png","614043","9029D86E56FEF0C0B0AC014460032E8FB19D87B0372E3E421C96EE4ED1060CB1"
"inv-std\client-live.png","605226","A0747095E5FC608FB046198AB9D17E6835D137A1A38A7A8402059B7ACFF237C2"
"inv-std\client-no-results.png","624449","FA52C219DE879E6009B547AC56EF6990A15A1B46021D5F5F145FF077A062BFCD"
"inv-std\client-recovered.png","627907","519619F2C3997ED254036DA48FCCE3FBE1A45826C27119315C5FC60E88D77105"
"inv-std\client.log","212536","FDC003A0572C83323E78360AE6C13F45916B7FACF0E1050C476D27204BD4865C"
"inv-std\host-details.png","564969","06AA24A60CF6270C79FA1C532BEE3D221422B0C5647B8407AF7582678AE2373F"
"inv-std\host-empty-bottom.png","586634","23067BCFA8992B642930751E8EA7FF91A4295B0F208E7AAEA793CA0023CAD696"
"inv-std\host-empty.png","612161","D65C06C0B3A5062E8984CA2D67A847C5BA9A54F95137815E6C935E58A96265A2"
"inv-std\host-equipment.png","572896","B90E5D5320BD12E16DEAEBAF95CE33043BC53FF1D16DC915C02E3A134056A10D"
"inv-std\host-filled.png","522835","008B347A97DC7F9DB2BB15AAD4ED8D4D2C93C89980CB04AE1D4652778D31EDFB"
"inv-std\host-food-accepted.png","598306","6BC585F22B4533E11BDE4B0DAEC209DB154220C27C9363F0C8C38708461980A7"
"inv-std\host-food-ready.png","611861","A0BBA832DF28385E57FC700555A0548E8054D160AE6D7C2900BCA54D5E962700"
"inv-std\host-food-repeat.png","599036","EB1DB3B2ED86FC54A0ECEE25D839B98FCA3B52E6CAE9F9708C038FE346AE6D0E"
"inv-std\host-live.png","590816","AE58BEE7768D794A9D51117DEF0E826DBEEA79B6670BACE3584F2F098725C098"
"inv-std\host-no-results.png","597165","9A11F99A43553A88D2B2CAE9EA85150FA5C51E2C75AA8D2B489F567B05300C91"
"inv-std\host-recovered.png","610675","15D03D89AAF68AC1557B39DB6750C93A12049BC53AF8E5D07776E587ABECACFE"
"inv-std\host.log","211183","A9A7831ED71F3747FCF57D36C6D8C8DFFBEB0700737B3B544A38A9D2707C071D"
"inv-std\runner.log","252","5907454FD33402E4DB39169B5F704867665A6C24A0EA35BACB944ABF8C6DD96B"
"performance-cpu4\m12-final-pf-2.log","2070","6218F35B1562D7F1A5F156FC3B9753B81E35BF1CBC1FD6C42029A3B411C81381"
"performance-cpu4\M8SkiffClient.csv","619169","629D298B38705CB1D8867E834D28A2625057492B60E68F96EF256769D0298A1B"
"performance-cpu4\M8SkiffListenServer.csv","648916","2DA47C046A462818064D0531C80AEDC8050D5CEFB33A8D6F9A5042642208277D"
"performance-cpu4\profile.json","1175","A8D0F725745D6FE66A1DAD6A8E6E50DD05BA1E596EB08BD3861B7B7295B81CF9"
"performance-cpu4\scenario.txt","1787","580ECA490E3B1432691FA49E15C034C44C91474031F0A99F39B139B433D1998A"
"performance-cpu8\m12-final-pf-1.log","2065","2BDE0BBEC57EDB95B25D5680D533B8B5B95B336B746CC67E715E2FE31E9C23B6"
"performance-cpu8\M8SkiffClient.csv","620308","24834F91729B6E5913A672A6F99362636B1C3E5C95CE19B1AFF54417BAFBAD2C"
"performance-cpu8\M8SkiffListenServer.csv","647463","A6803BBFC8C288B8BE89E6BF1A0DF5FED3294A58B4622CA3DFE16B932FF7213E"
"performance-cpu8\profile.json","1178","16F99EE665F03B5239803B9DD8520C4E091A673E62DBEB5AF234D27BEA9D8F32"
"performance-cpu8\scenario.txt","1781","F9C6E8EC09059B5447B98A379A7563E5B6E1F34D3FA31158E68AF50041E54AA3"
"performance-reference\m12-final-pf-0.log","2068","C8CBD30ACB8F5281AD81BD30A9AD141FD2B5B03D8334C090D684F999ABC5D031"
"performance-reference\M8SkiffClient.csv","618117","F01EAE8B6922E64FB8CA1126B2661BB75C9920A32B1FFF932F72859AE7C1EE5B"
"performance-reference\M8SkiffListenServer.csv","644684","718198A1036EE954A88770E04438E3D2C01501B295DFDD33A34746CAF5E677C1"
"performance-reference\profile.json","1193","681135A4EF65299B02A33548A2738701718A0BD50CF757F4FA686D0BC43A6904"
"performance-reference\scenario.txt","1782","2B96A1290A300B9FBF0E6F0035C965890647D318979B9A006B028895F92133A6"
"prompt-hc\client-available.png","973793","628DAC1369EF21A7F535082099084591C0387F6BD6DB7485C1718D04599B6729"
"prompt-hc\client-modal.png","957239","86916F29E5262F7DE2ED9F6463A17B63DA9263D29353F00FEAABB3A02E8F98DA"
"prompt-hc\client-no-target.png","907591","F14F8315A806DC30E46AB7A9E670CD082240C57B9FAD617348FCCD928201D31A"
"prompt-hc\client-repair-all.png","849650","67677A31E2B80479BF46197C6BE9FE0EEEF8C931EE7E33E1D6A28937137B7337"
"prompt-hc\client-unavailable.png","995897","E0C46BE0E4BCDEA450F87D87FE6560EE83830E6579992E5050CABB347CF6D788"
"prompt-hc\client.log","197519","638F0D7B297B2593A21E6E2A7A612431C8AB0C7C5B7EE38021E13B20314EA77E"
"prompt-hc\host-available.png","1022009","A7A8282A499855632AF701FCDC0AE3E1B3EA8B5FE3F3DE9BC36487BEBCA28B3B"
"prompt-hc\host-modal.png","922518","A4C0251497F6EF16CC6D92D1CF6F199D0C93D3B9778FA4D44557DB8CF0084DD1"
"prompt-hc\host-no-target.png","888959","C7A4D1E37B3F0D26DE40AD2CBF45EA123D36D7DAC51E12F56894387A3EDF3FCD"
"prompt-hc\host-repair-all.png","839012","218CFD77C06E2B7BC865D3B741BCE9A9D35E41177E364573CA39679688DEF49D"
"prompt-hc\host-unavailable.png","943111","1F8CC87A4F233C10D9CDADFA00C2E539D6ACFB2D5C056D359149521D02D58D9C"
"prompt-hc\host.log","205581","170CB1460DAFBA81FEF378769264D5D9C582F87E4EB22938FCFB10781406CE72"
"prompt-hc\runner.log","244","AA6828AAF2CEFAA5B6458EBCFDB206E9DED7B51A4F29E3F75E7C681A67FA2C53"
"prompt-std\client-available.png","1157319","20E2ADD33DC42CCCC15C12CEA4B141880E16B777222895D476CDB3882E6E7994"
"prompt-std\client-modal.png","1131022","6791860135C0B851BC09EEC8338470FA4A30193E8813236C3A14C9A95701578B"
"prompt-std\client-no-target.png","1069637","F05E8F134F664EDC079A5A16C120225625BD6C338365F112218BBA5B2BF5D86F"
"prompt-std\client-repair-all.png","1004916","3FA5E9A8AA254B2752826C20E37D44D30222852B8B969ADBB2B6CFAD3955E724"
"prompt-std\client-unavailable.png","1182487","25D40E574333B56D31A71226017B68BFF8CA8FAD4FDC3E704A55F7F8BE654C6D"
"prompt-std\client.log","197130","661943864C4FD61BAA8D6CB0E8C088CF2A71ABA3E288D8C6FD9820969D29B2D7"
"prompt-std\host-available.png","1220802","A145493792B1B55A2650193A853DE7E286AA8D1C21411E653065157BA372C0B5"
"prompt-std\host-modal.png","1087555","ABD26F03E7DDC8784F22EDE488F618958A6F55185D9975215FDB9E6CC231251E"
"prompt-std\host-no-target.png","1045474","57E483D61FB174B457DBA3476353C6A0EA7142D23D81640BF8F22DBB2528D91A"
"prompt-std\host-repair-all.png","993579","E1245BFA124B8A59CBBF7211CB46EB1BDD059DBF078ED22E3CD903C5E0139683"
"prompt-std\host-unavailable.png","1124309","72F026F0777F6DCBC03377420ABFCBE9EBB5753B7403D47EE9C075C4A8F53A7B"
"prompt-std\host.log","204431","E4EAB5C045475FA76297869045EAC3DCC4836F8B92A088733C15FD00F4AD4727"
"prompt-std\runner.log","244","A83E0065D4AAEA8C2BCA6D7C48532B5D7E2E551B76DA0DE292FF175D26281F56"
"static.log","10196","FCB5B71EA5407840BD0F18D1A39AAA6B2AFD0CED988CAD6D156FA5343F0458E9"
"status-1024-100-0\client-details.png","502744","0FB9EC1256D12002666EA2E02A18213EB382210FD9A80FF7036274EAB2951D59"
"status-1024-100-0\client-empty.png","855369","F9FA929BF523A5DCF72C9833757C783DE9069CF567E3CD1C6C7199F22BD44541"
"status-1024-100-0\client-expired.png","854856","3C79545A003BBC9194E3E0648611DD6B0EB96BBEEE234CE8BB8D8D6F12267975"
"status-1024-100-0\client-icons.png","143517","C0029F81978D21E16D96BC5D16D952DE91A5D948219CF3AFC8710803901C6AC9"
"status-1024-100-0\client-populated.png","870243","6511DB53229A53A49EAD46459EA26A9787458A0AED4DF2A43A7AC06C90F84859"
"status-1024-100-0\client.log","199510","0A1D15308F7D2A2ACC240948E50AAE03CE8CF795403A6E2413AFC349DEA004F7"
"status-1024-100-0\host-details.png","500874","64600E27287F5199DA6EC788811B4F8909DEFF7B0895E8E316A7EF67CA38C099"
"status-1024-100-0\host-empty.png","857748","5A80D82753EB827AAEEEDE05737480D5120D278552E3931C90C49E9F6FA34770"
"status-1024-100-0\host-expired.png","856730","849989C16620453DFBE9C3AD1B2D83CA069E48CDA3C5D2644DA385FEC6A20628"
"status-1024-100-0\host-icons.png","144816","D002C49F902B73A66DD03C754960FFCBD1A276AF3071D1D5077D35A03FB20641"
"status-1024-100-0\host-populated.png","873276","DB241A8263B1E4FDA22A9B5B5DA89EF79B5E1A171CBDF7A5F2F6243789C43E7D"
"status-1024-100-0\host.log","206751","A22F05304E655A542470DEAB48132112CA19A7093ADEE43F0435FBBDF84A94B0"
"status-1024-100-1\client-details.png","74598","65D158A6EB23B2F380F3D74C1221DEC763513C6F2E305AAEABE607D3DEEE63BF"
"status-1024-100-1\client-empty.png","852454","64CCAD328CDABC8171A8894874ED301414789CC4317B7B60BEAA509E51B3D257"
"status-1024-100-1\client-expired.png","851509","45607A4A949679E7B92988B1F90D4EBF28A9406157E60FFD96A6F02DE5083054"
"status-1024-100-1\client-icons.png","143669","61F509D5602E0BE3B8837147C15C74A3C4C4C827BE52D78375FF90CCB587CF2A"
"status-1024-100-1\client-populated.png","867324","D293948E2C6E46008893550D58EE0B0EB1B8A45BB69F725E55C980DF344C12FD"
"status-1024-100-1\client.log","199402","2CF85F70FAA78619DBB37DDE5465DE3BD26470956B59867C723AD29AD26E48E5"
"status-1024-100-1\host-details.png","74594","DDD114F336106883D3804A486D6D0D58944399E0DDFE5291DE85DCE331463B6F"
"status-1024-100-1\host-empty.png","855181","204C41EA7D4E16E613CBDCA1A608F715EA9056AC1658C6E7F0A29031FEF875E9"
"status-1024-100-1\host-expired.png","854839","EA42625E2A3075AFEC05B626AA690A479A073A3213BC5BFDBF83FE5185CA8EE4"
"status-1024-100-1\host-icons.png","145413","DF4B5CD28503C0125D79DCEBAEF80E3A6A0B62B901E05A87FBD1615921178348"
"status-1024-100-1\host-populated.png","870223","9CC8D41001D53E13AADBD96126DE71AB2A86680AFA16F845E265E122439ADA60"
"status-1024-100-1\host.log","206860","1E86EEF5FF2583FA3A588F00FD928F0936273389D06A9A75EA506AB4086DF0E6"
"status-1024-125-1\client-details.png","80866","FEFEB6FDE8E446B9E989B13DC1053045D50FFA48AFF3B4F41DD4B37E182856C2"
"status-1024-125-1\client-empty.png","850385","89F0D7DD53D7214A1C7749E6B6D865BD9F72EA8EEBEA78FDCE69C80685517B5B"
"status-1024-125-1\client-expired.png","850180","0A38F6ADA53B6DEFA9A85B3F7CDB566ADA43CE34B74B62745A8326F8C72D6636"
"status-1024-125-1\client-icons.png","143486","C3616E82C44289783301D64FABF985F7856211C8AB3D4147F6DCE8D0C1F85E4D"
"status-1024-125-1\client-populated.png","870954","030D2C6FA07A842CE607630FBDAC7C1276BFB6BE6E7F96C89AC3997782C93661"
"status-1024-125-1\client.log","199593","90A5EC10FAC4B978BBFBF36D6A6748B8CDA9941AE60D52FE05C6C5A2C114F266"
"status-1024-125-1\host-details.png","81144","C3727FA1FD947CCB81F8FDF30A4C760B6C5B2943FE19851FBB9223F074D131B5"
"status-1024-125-1\host-empty.png","854497","8C729F5A666DE993408D72151245407A26907ECDC33F13EDFA4B9BD2CC56BA19"
"status-1024-125-1\host-expired.png","854279","21932E2E93265B31DE9F6D5CFD9202643F0D54C6EB90D7448401F8C0FF0C37BF"
"status-1024-125-1\host-icons.png","144983","5CC73E30938CCFAF3A697EE6119C55CA5ABB865AB5C1B3F410BA5CDA04C7CE0C"
"status-1024-125-1\host-populated.png","875501","A5DEFB1516DF03ADE92E37757FE8218AF1DB1C3C6720933EBD2E225C136EC99D"
"status-1024-125-1\host.log","207682","EA2A32C1373FC2DFF25C6DB75AD9674FC964DFD399B32BA9B137E63FC428FB9D"
"status-1024-150-1\client-details.png","89109","2DF8C18A445CC137C2105DEF4F1CF8A24F4D93D8F7D61C8AF4494245FE6C7B89"
"status-1024-150-1\client-empty.png","849781","1EB71CAE24A025D315F33BACBE54536E34BB451DCA8C914131AFF82D06830A8F"
"status-1024-150-1\client-expired.png","850103","DAE8C2DD093BDFEB0C988771057071A3344833ECB833564D39F155CCB598AC14"
"status-1024-150-1\client-icons.png","143783","B452EE5786CC589E6D85577B5EEB899375E80CE5FB28B77B78CA40E1D767FB85"
"status-1024-150-1\client-populated.png","881885","04DB12FEB2619C0AF1A760428372E3A8A081093B00F1E2B0A1F57927C11EA90A"
"status-1024-150-1\client.log","199403","28929EB985702E0D8631AE1F28214B9234E0BA211DC46675366F0EFF7EEF8E90"
"status-1024-150-1\host-details.png","96377","868F943FD119CD85AADC3140DBB084C568437001F59AB8BA87EEBFD3DA2FBD84"
"status-1024-150-1\host-empty.png","853702","428E32885717BA92D15B9F6DA5B9174030B6398D7162B912DC7F39F1C731A427"
"status-1024-150-1\host-expired.png","853431","AE5AC24373D8E9DB30155E0D59FD5F66FB216979D948CE6A495C68F0F88F18C2"
"status-1024-150-1\host-icons.png","144942","94944D7B06361FE8CA68D1F056DA7E62BED1137FDD0ACBFEE1A68214AD56F1AD"
"status-1024-150-1\host-populated.png","884606","E722F975A90EB6949A06C8ECBCCD1DD4D910F8D5B975756DFFD488E8EFB7FE0D"
"status-1024-150-1\host.log","207683","C4AB9E28BAEF2BD69DDEF57646DB3A28D6FA41A383E26F7F8A76013F7BAFA1F9"
"status-1280-100-0\client-details.png","510713","08EB26C616262CD018978D3E1222B992F10D20074E7AFC5AEB69CBDC8CAFE2D8"
"status-1280-100-0\client-empty.png","1007849","63150723B73EB90BEA6D466280ACF4BC1D63B9C8765D645CCF02A05EB967E0DE"
"status-1280-100-0\client-expired.png","1006768","F84292F8817927636B0D05FFD30451F9FE6E7180E0F3916154C7953699A5C03A"
"status-1280-100-0\client-icons.png","141432","3A7DC9F9BE36895D5D2813A1D18131F10734BFCEC2DACB70E2322FA62D1DDC89"
"status-1280-100-0\client-populated.png","1021332","A9E2C7CDAA18A88DFB35AACC7AD6901D507D4AB2DB11E40484772C9E2C69F2AE"
"status-1280-100-0\client.log","199509","DD41032DCA0D74183EEB28226BFCD60DC7C03211BAAD03DA56AB9B623FB69588"
"status-1280-100-0\host-details.png","517612","6755A3E3DD8E03371E5BE549600EBD12F408CDDBCE9D8F159950686B1DDD01E0"
"status-1280-100-0\host-empty.png","1002241","3A96660765870CCA8141103F053D5F091456C733A91A20B76C93C4F62899D983"
"status-1280-100-0\host-expired.png","1002375","2D7670753151FA7C67E3583E25CBDEF80A4A262CFA21472FC68B2D4E2D605F71"
"status-1280-100-0\host-icons.png","144631","68EF6AD5DE3A51EDEC602F11C811369D78DD0181795D869433FC757EA7EA73F8"
"status-1280-100-0\host-populated.png","1015940","6588F01A60BFF181DF3A7EC23CD97D240872364AE53FEF08C57D175D81F5AEC9"
"status-1280-100-0\host.log","206645","B1708B1AEAFE5EC4E0DA0F3618B7BFB365FA5E13AB9431D8B5B1595F2FFDD528"
"status-1280-100-1\client-details.png","96614","A091E15BF290AF510B6FA6DA9ED2F90D38F0DEF5A9DDDFF698754CC6AAEED20A"
"status-1280-100-1\client-empty.png","1005376","96BF0B7D770F3ED443F464A29BDC5A7AFAA8FC361B34DA406DB463D188C7E93C"
"status-1280-100-1\client-expired.png","1004406","6504EED1250172EB8E72D2409EADA4852BD4C11F1C076D01933882C428C40F56"
"status-1280-100-1\client-icons.png","141536","7604C558438C73B11BBFEF4967884D5B93710D5F498292D089E6D6823C2FF9F2"
"status-1280-100-1\client-populated.png","1019386","CEF8601C5B7874C66951838B709786FDD9D5C51BCB5547BD4F32712DD18854D9"
"status-1280-100-1\client.log","199399","3698BB81E403BE6599440563E96301FDFD2F7848F86348290FEF90131802C2D6"
"status-1280-100-1\host-details.png","97478","3C952FA109260002B84ABA384DC75E2B34C74162460380290DD2224AD8F94E74"
"status-1280-100-1\host-empty.png","1000089","266FB0EF8E9301C74F25798626D22A4FD5A60C6599D9C4C3A5CDED609B225A0C"
"status-1280-100-1\host-expired.png","1000784","8306E3CF436C677C09F265DA7D528BDEFD63A4D6B315FEA0B8BD06B00FFF810F"
"status-1280-100-1\host-icons.png","144838","0821B0630FD9E8E378CA3EEE70CC0CABCD75B5B0C71A8F13261BD570048D0819"
"status-1280-100-1\host-populated.png","1013949","234AEDE885CA317F4062B216D8B652D28FF31A8F31626F58FAD418E648F626BD"
"status-1280-100-1\host.log","207196","8A324209A043A49563737BFA46432466F2C411D4897B7DE973B60C135789DC49"
"status-1280-125-1\client-details.png","102845","D1D2E4C9FAFCC5A18D315CE22F78836DBDB2F4924F24DBE62A1D164F5B1AE254"
"status-1280-125-1\client-empty.png","1005336","5B774B66F3BC08F5E9852AEA2B50B6311702F772A8F2797D2E383A7A194E670C"
"status-1280-125-1\client-expired.png","1004813","513E26D6B5EB147EDD9F8270B57797E76964B9C3160A6569853F589E0A81BA84"
"status-1280-125-1\client-icons.png","141561","8D8A9CF33B2A6459FDE3931B71A99C595DBD1CBE480DA9F63684E722F3CB1450"
"status-1280-125-1\client-populated.png","1023980","D36E9E3AECECFA2A3D37154A5BAE11F63B859E42B83543D0A8AF8828442B5737"
"status-1280-125-1\client.log","199207","E3DCC415891F2CC136C1A489BEE0C5EBA78906A6A7C2FE67ECD09EEB7A5F9889"
"status-1280-125-1\host-details.png","103497","43362306320919A0974682876953A61DD09B191FB917C3AB30FA07DBD9B73DF5"
"status-1280-125-1\host-empty.png","1000887","25254B3447C0F66EA37FBE48746AB7CB27CE13C380D01600BC00B3587FA89744"
"status-1280-125-1\host-expired.png","1000097","B611ADAF6E42C697D41E81AD399D7DBA770E51BBB898A3F7E8D869B2577CAAC5"
"status-1280-125-1\host-icons.png","145190","C4E858A96C8E8AD55D56A1C9111BCD25C7EB983C57591ADBCDEAD4F90B012942"
"status-1280-125-1\host-populated.png","1019438","A1B3D667DDA9F94BCE0800301A8C762553908703F5584DFC0A1E1973A38E59AE"
"status-1280-125-1\host.log","207487","1DA509DED297AAEE622C159EF89E7D1383E18A0B11AB27F5FEDBE4BE5680238A"
"status-1280-150-1\client-details.png","111205","BEB1665196B3525497080AD7902AD4C2D3F0551BD84F608B4056DECFBA01296B"
"status-1280-150-1\client-empty.png","1004325","BE8E0CD79A7AFCD057BD7D5D69E89280356349BF70972D3FC67905BBE0E1C2D8"
"status-1280-150-1\client-expired.png","1004641","BC3F7F520BD7869C8F52762DD5C8ADC1EDB678DD72980AE1CBF0182E03B850EA"
"status-1280-150-1\client-icons.png","141725","7F794A806F4576A24D78AF732F84C20969B454B09D954F91CC4155BF58B0B00F"
"status-1280-150-1\client-populated.png","1026222","D355FD6F0972C70350170B496A4FA45CFD580CA81431990F73EDA2A4AC89CA82"
"status-1280-150-1\client.log","199207","3D8B47AA0C2C9DD51F7062C2F1128A519F162C73F16F7A69ACDCD3C74F60C0B6"
"status-1280-150-1\host-details.png","112446","08CC985FA6E66455B68A340F3401D2F117F3A9CD6C8DBB555C07C10B33AB8102"
"status-1280-150-1\host-empty.png","1000063","7EB4F23891C5BD3970916142517E907AB609E6E3FDB374D1818424EF3388C7CF"
"status-1280-150-1\host-expired.png","999263","461ACC5B9FA5FE40569305EB2CEDDFE4D1ADDEB1F6C45F946467E4170E1422E8"
"status-1280-150-1\host-icons.png","145117","17C18EBC03C16B3B4C450269B47CE5A7DC9DF6D2498080C18F96297FE325F668"
"status-1280-150-1\host-populated.png","1021577","96F675FCA466C86CBD8D921F1FA026FDF721A510C3A246EB8B0A78623F42E8BD"
"status-1280-150-1\host.log","206445","D1CA7907D026B8DA359A22176BBD6CBF5A141185AF18EF2CFF7EE2C247DB3482"
"status-2560-100-0\client-details.png","1159725","DC9A983811461940B34DAE4F03E58FCBCFA163DE9AC1E942403867A44D1D052A"
"status-2560-100-0\client-empty.png","3014374","76A16247CBBA83281FF78E461AA4243660F416BCCF4CD92177F86D065F9AB088"
"status-2560-100-0\client-expired.png","3010797","DB14E833D4DC49B3EE72E8809014DBF4316744F95310B16FCC62363721E86A98"
"status-2560-100-0\client-icons.png","341794","EE4AFC0F842B57931D2085402D07C941480F9B6EC1D0514DA47EE0C6CD02098A"
"status-2560-100-0\client-populated.png","3029386","1E0D6CC092EBD834BF814780D3CD6CF04660516C620BEB1AC8178E43FE32D5A9"
"status-2560-100-0\client.log","199527","FE004C544775407CA985A1D7E8AB8E7B5149D919D69D5BBA627318F5F25F70BE"
"status-2560-100-0\host-details.png","1251442","B9F8ACDDF0B18F502466C48CD767644A188ECD6901917E0C12E5F7B6188C586E"
"status-2560-100-0\host-empty.png","3007822","038573581D65EB4432CB928A4BD1F47CBA8A60A2C79965A7C32A3010463424FE"
"status-2560-100-0\host-expired.png","3001149","60045B5907580A76094F099FB5ED21298F53B8AFE834A7B91640057EA81DDC67"
"status-2560-100-0\host-icons.png","336839","C419D7B5947A4DA33C78E8670F502D776F1615BBB03BB82BEEF447140D1247CE"
"status-2560-100-0\host-populated.png","3023111","B2F3D1CA56483E1D833255E0AD90D192AC9C11B226473939B4509CCD24947EC3"
"status-2560-100-0\host.log","206957","2570E60A02D2824F5162D37057DC8AC9B258B7DCEADCC14C20C5578BB07284D7"
"status-2560-100-1\client-details.png","255218","88911694B9C6E260AA7C592A32CBED7DF9B701C4342763E30FC66702E13E86B3"
"status-2560-100-1\client-empty.png","3010059","8246A4E4D1029BC85FEFAC3F5A53E40C49E829D58F791E6F793F8A6FA686163F"
"status-2560-100-1\client-expired.png","3003235","AA8236B7F4A187FB56864663811EF75E6A9C4B410C3A1FCBF262CAC599C4662C"
"status-2560-100-1\client-icons.png","342430","149884DED86EA99670FC44248EBAC6BD5C00E8EB0DCC289BEE614A5DD1223ED3"
"status-2560-100-1\client-populated.png","3027709","489E6586CA0FE765D85CF91F819A6E0810AF01A8ADED92235DE42026CE6AAA65"
"status-2560-100-1\client.log","199638","A8C3A3C9E612DF149E217D29E2C7D77F3B97503423BE818DAACC075052DB4758"
"status-2560-100-1\host-details.png","258289","6BA9B73B102D2828552898C215C2077D42D078EDF96BBCDCACF3E0B1D176DCAD"
"status-2560-100-1\host-empty.png","3004237","D25B285603C181D800E97E38243E22FDABFADEEE052136E071DD13A97CDF879F"
"status-2560-100-1\host-expired.png","2998139","EC6C9C665C4C46E96301EFB674715B7FB637CE287D380FAD8E8D489D7E23F71D"
"status-2560-100-1\host-icons.png","339041","25FC0A84C0BD6CD1545E053B0E5AF80CBE25BE47415743ABCD3D5A455DC80E11"
"status-2560-100-1\host-populated.png","3018226","08E41584E7E816DA827FA1E18325B8BFDD5DC7EAC65BFE2398B037A4AB3F5B26"
"status-2560-100-1\host.log","207697","826950EC04F5D5EBD62D8653E7106C9F1BA5F4D1905CFFF380C8276639BFC69E"
"status-2560-125-1\client-details.png","265025","1069734AA183D3DFE1E1FB11D25026EC28A97B0B6905E196DB68E018EABF9168"
"status-2560-125-1\client-empty.png","3009856","B3FE939E7CE8B163909D45850DF058BDF93CB0793065A19D9D4402E208E70C3F"
"status-2560-125-1\client-expired.png","3002583","E277ED2C70F6CFA27C571FF79F431DFA7E0A76A443F8F749E8D612C2B53D4ECF"
"status-2560-125-1\client-icons.png","342875","86EFFE996E2B41D22D7715E43BC9942AEA08D0E7DB8337309CA99585C3327374"
"status-2560-125-1\client-populated.png","3044893","B23AF0ADC70C3E5BA9CB36BB902E1642660BA6436E24924F314A4C347EAE10F2"
"status-2560-125-1\client.log","199608","ED89F0E23031C239DCBC5DCD3535A1E024EEE033BA6383A4156C32B23CFD4994"
"status-2560-125-1\host-details.png","268128","001491FDB3AFE1A1259B8DD64EBF73BC1F6A2F9B3C0471A8FE5AB0746B7C7BF6"
"status-2560-125-1\host-empty.png","3003598","D6FDA8E7F8A3F14029938AA96BC9CBF3B1FB18A17201A7950323890D8E3BE477"
"status-2560-125-1\host-expired.png","2995179","5B40A526BBE65DC5C0432B2CD442456F4121963D426036E9A1050E00ACCCE7CE"
"status-2560-125-1\host-icons.png","339495","3B9F9DAFF4592DDCE272ED95237E7A2C5688AF2DE63CE612C90D5290F9DE8D80"
"status-2560-125-1\host-populated.png","3034250","1584E85064AEEBD2ADF063A0B694512B902B6C7780524986BB7962C76082E24B"
"status-2560-125-1\host.log","206744","792C65DA820B0B09F25584F6B84A6E03A05E12671B3C85142023D8457E8EF720"
"status-2560-150-1\client-details.png","281157","80DBAE3896581796C6704BF3DAB797AE53870A95D2AF47282BE345B267BDC3E2"
"status-2560-150-1\client-empty.png","3009539","9987C515C176DFA6A8E4C22BDE1494C313595F86F106F8D928C8B1A9BF45783A"
"status-2560-150-1\client-expired.png","3001586","6FE2CE919817C183FAF54C045770A35D5923D311A8E7C27FFD6B4E4D4231BDD7"
"status-2560-150-1\client-icons.png","342705","5FA7A7C6E444D8ABA2F408A87468C8557353B11B0999CF6B2D0F4345BAA1C685"
"status-2560-150-1\client-populated.png","3050648","C33220D888DE928E3389D7ACE1D147AAA5051E57B886EB0E66B6DDA06DEB2953"
"status-2560-150-1\client.log","199608","333E8BBF125EF2E1D08524A87688EF9C0A1BC2D7BB37AA4D29CA2BFD2CD3264B"
"status-2560-150-1\host-details.png","325181","C01E886C0A0BC3329125FA60E0769C1724063DE41EBC326C899021B43782118D"
"status-2560-150-1\host-empty.png","2999459","C4656DDE25A0E80F85DB720AFAD87075FB011DDD73E0C28C17079A578F8F6987"
"status-2560-150-1\host-expired.png","2992541","26A61FE96CDAFAAF9C5D019789D6044A551A4BBFB6540C62D493DB4D9E0B2EA9"
"status-2560-150-1\host-icons.png","336010","FD3F0B69AD4322C6ABD9B723605E96DD007E3110F6965EDBD90BDC2372F8D18A"
"status-2560-150-1\host-populated.png","3044492","666013D3DF83065AD4F95F4600A1CA0A887FDAF1DB87907CC1E4A946C3197664"
"status-2560-150-1\host.log","207697","156480706CA68225DE263AFEB092B8238080187CB652E4543E91C3B9BB82FF7D"
"status-matrix.csv","1188","F1DC305E33A05E901313E3FE9CDB0718A1C4D652C3B98AD0312670309799861B"
