"Index","Width","Height","TextScale","Contrast","Root","Evidence"
"0","1024","768","100","0","E:/dev/Kalmala/m12verify/.mvtmp/kh-eaa91438","status-1024-100-0"
"1","1024","768","100","1","E:\dev\Kalmala\m12verify\.mvtmp\kh-14e694af","status-1024-100-1"
"2","1024","768","125","1","E:/dev/Kalmala/m12verify/.mvtmp/kh-80472524","status-1024-125-1"
"3","1024","768","150","1","E:/dev/Kalmala/m12verify/.mvtmp/kh-be137d9b","status-1024-150-1"
"4","1280","720","100","0","E:\dev\Kalmala\m12verify\.mvtmp\kh-a4658be9","status-1280-100-0"
"5","1280","720","100","1","E:\dev\Kalmala\m12verify\.mvtmp\kh-45879373","status-1280-100-1"
"6","1280","720","125","1","E:\dev\Kalmala\m12verify\.mvtmp\kh-82e90b62","status-1280-125-1"
"7","1280","720","150","1","E:\dev\Kalmala\m12verify\.mvtmp\kh-21735f82","status-1280-150-1"
"8","2560","1080","100","0","E:\dev\Kalmala\m12verify\.mvtmp\kh-2bdb3ed9","status-2560-100-0"
"9","2560","1080","100","1","E:\dev\Kalmala\m12verify\.mvtmp\kh-6e67bb58","status-2560-100-1"
"10","2560","1080","125","1","E:\dev\Kalmala\m12verify\.mvtmp\kh-e4ab980b","status-2560-125-1"
"11","2560","1080","150","1","E:\dev\Kalmala\m12verify\.mvtmp\kh-48325ed9","status-2560-150-1"
