"batch","canonical_id","scope","source_item_id","current_name","proposed_name","current_description","proposed_description","recipe_ids","current_recipe_names","proposed_recipe_names","review_note"
"01","Wood","pack","Wood","Wood","Wood","Basic construction material.","Common timber for tools, structures, and camp equipment.","","","","Tighten the generic description; keep the familiar material name."
"01","Lightwood","pack","Lightwood","Lightwood","Lightwood","Pale, lightweight timber from second-wave trunks, used in advanced tool recipes.","Pale birch timber for stronger tools.","","","","Replace the internal second-wave label with the concrete source and use."
"01","Densewood","pack","Densewood","Densewood","Densewood","Dense timber from second-wave trunks, used for sturdy stations and as raw hearth fuel.","Dark, dense timber for sturdy structures and hearth fuel.","","","","Replace the internal second-wave label; retain the accurate fuel use."
"01","Coal","pack","Coal","Coal","Coal","A dense, black mineral that burns directly as hearth fuel.","A dense, black mineral that burns directly as hearth fuel.","","","","Retain the accurate concise fuel description."
"01","Stone","pack","Stone","Stone","Stone","Add some googly eyes, and it becomes a friendly pet rock.","Add some googly eyes, and it becomes a friendly pet rock.","","","","Retain this distinctive manual pet-rock line verbatim."
"01","Iron","pack","Iron","Iron","Iron","A bar of iron prepared for smithing and cooking tools.","A bar of iron used to make a frying pan.","","","","Keep the description to the currently supported Frying Pan recipe use."
"01","Fibre","pack","Fibre","Reed fibre","Reed Fibre","Plant strands gathered for bindings, woven gear, and cooking frames.","Plant strands used in simple tools and camp furnishings.","","","","Use the clearer source name; verify all listed uses in the item recipes."
"01","PeatAmber","pack","PeatAmber","Peat Amber","Peat Amber","Amber-colored peat from Mire sources, kept as an unprocessed material.","Dark peat threaded with amber from the Mire.","","","","Remove the internal unprocessed-material explanation."
"02","FrostSalt","pack","FrostSalt","Frost Salt","Frost Salt","A pale mineral salt from tundra sources, kept as an unprocessed material.","Pale mineral crystals gathered in the tundra.","","","","Remove the internal unprocessed-material explanation."
"02","MirelingAsh","pack","MirelingAsh","Mireling ember ash","Mireling Ember Ash","Fine, soot-darkened remains left by a Mireling.","Fine, soot-dark ash left by a Mireling.","","","","Retain the original Mireling attribution and tighten the sentence."
"02","CampfireKit","construction_only","HearthRing","Hearth ring","Campfire","A low stone-and-wood hearth built in place with a Construction Hammer; raw fuel lights it.","A low stone ring for a campfire.","Campfire","Hearth ring","Campfire","Construction-only: replace the HearthRing item presentation with Campfire metadata; no pack description after migration."
"02","WorkbenchKit","pack","Workbench","Joiner's bench","Workbench","A compact crafting bench for assembling camp furnishings and repairing tools.","A camp workbench for making furnishings and repairing tools.","Workbench","Joiner's bench","Workbench","Apply the roadmap-mandated name; retain the concrete furnishing and repair uses."
"02","ForgeKit","pack","Forge","Forge","Forge","A stone-and-timber workstation for higher-tier tool progression and repair.","A stone-and-timber forge for making and repairing advanced tools.","Forge","Forge","Forge","Keep the accurate station identity and uses; normalize capitalization only."
"02","WorkbenchToolRackKit","pack","WorkbenchToolRack","Workbench tool rack","Workbench Tool Rack","A bench attachment that raises Workbench level for matching tool upgrades.","A tool rack that lets a Workbench support higher-tier tools.","WorkbenchToolRack","Workbench tool rack","Workbench Tool Rack","Replace the implementation-style level explanation with the player-facing result."
"02","ForgeAnvilKit","pack","ForgeAnvil","Forge anvil","Forge Anvil","A forge attachment that raises Forge level for matching tool upgrades.","An anvil that lets a Forge support higher-tier tools.","ForgeAnvil","Forge anvil","Forge Anvil","Replace the implementation-style level explanation with the player-facing result."
"02","GrindingStoneKit","pack","GrindingStone","Grinding stone","Grinding Stone","A sturdy stone used to repair all carried tools in one action.","A stone wheel for repairing all worn tools at once.","GrindingStone","Grinding stone","Grinding Stone","Replace the carried-list implementation wording; retain the one-action repair use."
"03","StorageKit","pack","Storage","Chest","Chest","A shared chest that holds up to sixteen unique item stacks.","A shared chest for storing camp supplies.","Storage","Woven chest","Chest","Resolve the Woven chest/Chest mismatch; keep capacity in structured UI details."
"03","CookingRackKit","pack","CookingRack","Cooking rack","Cooking Rack","A rack for roasting boar or deer meat over a fire.","A rack for roasting boar and deer over a fire.","CookingRack","Cooking rack","Cooking Rack","Retain the accurate concrete use; normalize capitalization only."
"03","FryingPanKit","pack","FryingPan","Frying pan","Frying Pan","A placeable iron pan for cooking ingredients over a nearby lit hearth.","An iron pan for cooking over a lit hearth.","FryingPanRecipe","Frying pan","Frying Pan","Remove placement/nearby implementation wording."
"03","CauldronKit","pack","Cauldron","Hearth cauldron","Cauldron","A pot for simmering soup over a fire.","A pot for simmering soups over a fire.","Cauldron","Hearth cauldron","Cauldron","Resolve the Hearth cauldron/Cauldron mismatch."
"03","FloorKit","pack","Floor","Timber floor","Timber Floor","A timber floor assembled directly with the Construction Hammer.","Timber boards for the floor of a camp shelter.","Floor","Timber floor","Timber Floor","Remove the direct-tool implementation wording."
"03","WallKit","pack","Wall","Windbreak wall","Windbreak Wall","A light windbreak of lashed timber and reed fibre for camp shelter.","A light timber-and-reed wall that blocks wind around camp.","Wall","Windbreak wall","Windbreak Wall","Keep the factual windbreak use; normalize capitalization."
"03","RoofKit","pack","Roof","Reed roof","Reed Roof","A reed roof that shelters a small camp space from rain.","A reed roof that shields a small camp from rain.","Roof","Reed roof","Reed Roof","Retain the accurate concise shelter description."
"03","BoarMeat","pack","BoarMeat","Boar meat","Boar Meat","Filled with fat and flavor, perfect for cooking over a fire.","Rich boar meat for roasting over a fire.","","","","Keep the existing food-focused flavor without claiming an effect."
"04","DeerMeat","pack","DeerMeat","Deer meat","Deer Meat","Lean but tender.","Lean deer meat for roasting or stew.","","","","Replace the fragment with a concrete supported food use."
"04","BoarHide","pack","BoarHide","Boar rough hide","Boar Hide","A tough, bristly hide recovered from a boar.","A coarse, bristled hide taken from a boar.","","","","Tighten the accurate source description."
"04","DeerHide","pack","DeerHide","Deer soft hide","Deer Hide","A soft hide recovered from a deer.","A soft hide taken from a deer.","","","","Tighten the accurate source description."
"04","CookedBoarMeat","pack","CookedBoarMeat","Cooked boar meat","Cooked Boar Meat","Boar meat cooked over a fire, ready to eat.","Roasted boar meat, ready to eat.","CookedBoarMeatRecipe","Cooked boar meat","Cooked Boar Meat","Keep the truthful ready-to-eat cue; shorten the description."
"04","CookedDeerMeat","pack","CookedDeerMeat","Cooked deer meat","Cooked Deer Meat","Lean deer meat cooked over a fire.","Roasted deer meat, ready to eat.","CookedDeerMeatRecipe","Cooked deer meat","Cooked Deer Meat","Keep the truthful ready-to-eat cue; shorten the description."
"04","HearthBroth","pack","HearthBroth","Hearth broth","Hearth Broth","Boar or deer meat simmered into a warming broth for a steady meal.","A simple savory broth for a camp meal.","","","","Avoid claiming a production recipe or warming effect not present in the live contract; retain the edible broth identity."
"04","MeatStew","pack","MeatStew","Meat stew","Meat Stew","A hearty stew of boar and deer meat with carrots and potatoes.","A hearty stew of boar and deer meat with carrots and potatoes.","MeatStewRecipe","Meat stew","Meat Stew","Retain the manual hearty flavor and ingredient list."
"04","RootVegetableSoup","pack","RootVegetableSoup","Root vegetable soup","Root Vegetable Soup","Carrot, potato, rutabaga, and onion simmered together in a cauldron.","Carrot, potato, rutabaga, and onion simmered in a cauldron.","RootVegetableSoupRecipe","Root vegetable soup","Root Vegetable Soup","Retain the truthful ingredient/process description; normalize capitalization."
"05","RoastedRootVegetables","pack","RoastedRootVegetables","Roasted root vegetables","Roasted Root Vegetables","Carrot, potato, and onion roasted in a frying pan over a lit hearth.","Carrot, potato, and onion roasted in a pan over a lit hearth.","RoastedRootVegetablesRecipe","Roasted root vegetables","Roasted Root Vegetables","Retain the truthful ingredients and cooking context."
"05","DeerRootRoast","pack","DeerRootRoast","Deer and rutabaga roast","Deer and Rutabaga Roast","Deer meat, rutabaga, and onion roasted together in a frying pan.","Deer meat, rutabaga, and onion roasted in a frying pan.","DeerRootRoastRecipe","Deer and rutabaga roast","Deer and Rutabaga Roast","Keep the exact recipe ingredients; normalize capitalization only."
"05","Carrot","pack","Carrot","Carrot","Carrot","The Original 'Orange stick'.","The original 'orange stick'.","","","","Retain the manual orange-stick wordplay while normalizing capitalization."
"05","Potato","pack","Potato","Potato","Potato","Boil 'em, mash 'em, stick 'em in a stew!","A trusty root for stews, soups, and pan roasts.","","","","Replace the recognizable borrowed line with original copy grounded in live cooking uses; keep a playful food cue."
"05","Rutabaga","pack","Rutabaga","Rutabaga","Rutabaga","A hardy root vegetable.","A hardy root with a mild, earthy flavor.","","","","Retain the hardy-root character and add a concise sensory detail."
"05","Onion","pack","Onion","Onion","Onion","Layers upon layers of destruction to the eyes.","Layers upon layers of destruction to the eyes.","","","","Retain this distinctive manual tear joke verbatim."
"05","CarrotSeed","pack","CarrotSeed","Carrot seeds","Carrot Seeds","Seeds to grow carrots.","Seeds from the carrot plant.","","","","Use a factual botanical description; do not imply a planting mechanic."
"05","PotatoSeed","pack","PotatoSeed","Potato seeds","Potato Seeds","Seeds to grow potatoes.","Seeds from the potato plant.","","","","Use a factual botanical description; do not imply a planting mechanic."
"06","RutabagaSeed","pack","RutabagaSeed","Rutabaga seeds","Rutabaga Seeds","Seeds to grow rutabaga.","Seeds from the rutabaga plant.","","","","Use a factual botanical description; do not imply a planting mechanic."
"06","OnionSeed","pack","OnionSeed","Onion seeds","Onion Seeds","Seeds to grow onions.","Seeds from the onion plant.","","","","Use a factual botanical description; do not imply a planting mechanic."
"06","ReedKnife","carried_tool","none","Reed Knife","Reed Knife","No authored description (tool detail shows the generic Carried equipment label plus live level and condition).","A light blade for gathering plants and reeds.","","","","No authored tool description exists; candidate uses its supported gathering role."
"06","FieldHatchet","carried_tool","none","Field Hatchet","Field Hatchet","No authored description (tool detail shows the generic Carried equipment label plus live level and condition).","A hand hatchet for gathering wood.","","","","No authored tool description exists; candidate uses its supported woodcutting role."
"06","StonePick","carried_tool","none","Stone Pick","Stone Pick","No authored description (tool detail shows the generic Carried equipment label plus live level and condition).","A stone-headed pick for mining.","","","","No authored tool description exists; candidate uses its supported mining role."
"06","BronzeAxe","carried_tool","none","Bronze Axe","Bronze Axe","No authored description (tool detail shows the generic Carried equipment label plus live level and condition).","A bronze axe for harvesting Lightwood.","","","","No authored tool description exists; candidate uses its supported tier-two harvest role."
"06","IronAxe","carried_tool","none","Iron Axe","Iron Axe","No authored description (tool detail shows the generic Carried equipment label plus live level and condition).","An iron axe for harvesting Densewood.","","","","No authored tool description exists; candidate uses its supported tier-three harvest role."
"06","ConstructionHammer","carried_tool","none","Construction Hammer","Construction Hammer","No authored description (tool detail shows the generic Carried equipment label plus live level and condition).","A hand hammer for placing camp structures.","","","","No authored tool description exists; candidate uses its supported placement role."
