batch,entry_id,icon_id,display_name,kind,art_subject
01,Wet,Wet,Wet,status,Single clear water droplet with a small moisture sheen
01,SteadyMeal,SteadyMeal,Steady meal,status,Small warm wooden bowl of nourishing stew with one herb leaf and steam
01,Heat,Heat,Hot,exposure,Warm sun above three distinct rising heat ripples
01,Cold,Cold,Cold,exposure,Large six-point frost crystal over one compact ice shard
02,Mending,Mending,Mending,support,Small luminous healing cross nestled in two leaves
02,Shield,HearthShield,Hearth shield,support,Compact wooden shield with a warm hearth glow at its center
02,Vigor,BearsVigor,Bear's vigor,support,Single broad bear paw print with four clear toe pads
02,Call,DeerCall,Deer call,support,Pair of branching deer antlers with a small sound ring
03,Weather,Storm,Storm,weather,Dark compact cloud with one bold lightning bolt
